sched,step_time
distributed,2901.149988
distributed,1493.242025
distributed,2231.834888
distributed,1117.053986
distributed,1802.865028
distributed,1651.301146
distributed,1619.328976
distributed,1583.454847
distributed,1584.236145
distributed,1405.219793
distributed,1761.533976
distributed,864.521027
distributed,1797.401905
distributed,1334.868908
distributed,2629.069090
distributed,645.393133
distributed,1983.722925
distributed,1099.480867
distributed,1835.479975
distributed,1501.405954
distributed,1980.524778
distributed,417.917967
distributed,1486.389875
distributed,816.966057
distributed,1622.664928
distributed,681.513071
distributed,1584.313869
distributed,792.647123
distributed,1584.636927
distributed,1079.442978
distributed,1798.450947
distributed,626.132011
distributed,1751.543999
distributed,144.117117
distributed,1547.213793
distributed,788.614988
distributed,1229.072094
distributed,826.862812
distributed,1438.192844
distributed,599.708080
distributed,1955.801010
distributed,263.971090
distributed,1365.350008
distributed,684.377909
distributed,1369.743109
distributed,648.605108
distributed,1582.909107
distributed,719.313860
distributed,1262.603998
distributed,395.211935
distributed,1436.923981
distributed,889.472008
distributed,1424.654961
distributed,496.279001
distributed,1125.972986
distributed,1030.303955
distributed,1331.663847
distributed,504.110813
distributed,1200.526953
distributed,684.820890
distributed,1906.581879
distributed,431.643009
distributed,1511.740923
distributed,547.407866
distributed,1349.356174
distributed,445.480824
distributed,1547.403097
distributed,649.333954
distributed,1007.334948
distributed,611.439943
distributed,1493.016005
distributed,984.478951
distributed,1310.589075
distributed,911.363840
distributed,1575.769901
distributed,179.239988
distributed,1405.007124
distributed,970.701933
distributed,1150.185823
distributed,505.838156
distributed,1724.631071
distributed,878.057957
distributed,1678.653955
distributed,430.365801
distributed,1764.826059
distributed,359.143972
distributed,1331.459999
distributed,616.226912
distributed,1328.224182
distributed,358.412027
distributed,1797.792912
distributed,319.311142
distributed,1557.276964
distributed,789.857149
distributed,1379.817963
distributed,579.757929
distributed,1435.265064
distributed,470.948935
distributed,1689.489126
distributed,324.698925
distributed,2984.062195
distributed,1196.428061
distributed,2237.112999
distributed,1326.857090
distributed,1718.973160
distributed,1587.778091
distributed,1587.474108
distributed,1583.501816
distributed,1586.691856
distributed,1473.798990
distributed,1554.049015
distributed,1901.618004
distributed,902.398109
distributed,1725.728035
distributed,1703.240156
distributed,1261.109829
distributed,1871.876001
distributed,1221.415043
distributed,1838.365078
distributed,1643.242121
distributed,1879.209995
distributed,463.598967
distributed,1549.026012
distributed,619.251966
distributed,1644.340992
distributed,914.283991
distributed,1185.743093
distributed,719.832182
distributed,1368.009090
distributed,792.281866
distributed,1727.387905
distributed,828.547955
distributed,1458.911896
distributed,409.609079
distributed,1407.080173
distributed,756.599188
distributed,992.040873
distributed,765.924931
distributed,1346.822977
distributed,686.568022
distributed,1382.990837
distributed,758.956909
distributed,1525.115967
distributed,654.980898
distributed,1326.861858
distributed,431.265116
distributed,1295.167923
distributed,540.583134
distributed,1620.208979
distributed,430.634022
distributed,1803.967953
distributed,503.587008
distributed,1358.942032
distributed,631.595135
distributed,1474.216938
distributed,816.076994
distributed,1334.527016
distributed,1194.963932
distributed,974.739075
distributed,339.532852
distributed,1333.729029
distributed,844.439983
distributed,1368.289232
distributed,396.295071
distributed,1582.985878
distributed,512.659788
distributed,1466.846943
distributed,546.545982
distributed,1506.637812
distributed,215.048790
distributed,2142.827034
distributed,720.484018
distributed,1357.910872
distributed,326.479912
distributed,1657.388926
distributed,357.129812
distributed,1404.953003
distributed,286.952019
distributed,1476.589918
distributed,613.173962
distributed,2013.859987
distributed,586.186886
distributed,1351.689100
distributed,131.740093
distributed,1225.872993
distributed,522.207975
distributed,1397.094011
distributed,548.809052
distributed,1697.443008
distributed,398.098946
distributed,1881.844044
distributed,491.445065
distributed,1552.905083
distributed,315.027952
distributed,1631.677151
distributed,569.606066
distributed,1438.631058
distributed,436.101913
distributed,1294.240952
distributed,736.088037
distributed,3109.333992
distributed,1305.977106
distributed,2089.408875
distributed,1186.658859
distributed,1838.302135
distributed,1629.784107
distributed,1586.198092
distributed,1604.746103
distributed,1597.247839
distributed,1450.554848
distributed,1460.361004
distributed,1193.984985
distributed,1712.829113
distributed,1275.748014
distributed,2049.565077
distributed,1426.507950
distributed,1766.880989
distributed,1113.707066
distributed,1978.995800
distributed,1641.944885
distributed,1527.553082
distributed,682.826996
distributed,1706.646204
distributed,802.181959
distributed,1986.854076
distributed,532.522202
distributed,1837.581873
distributed,933.187008
distributed,1366.185904
distributed,649.446011
distributed,2278.914928
distributed,480.191946
distributed,1655.719995
distributed,252.587080
distributed,1513.808012
distributed,685.781956
distributed,1617.933035
distributed,608.685970
distributed,1214.165926
distributed,551.284075
distributed,1550.874949
distributed,678.483009
distributed,1835.728884
distributed,109.352827
distributed,1655.725956
distributed,467.072964
distributed,1296.042919
distributed,589.623928
distributed,1824.457169
distributed,192.343950
distributed,1928.044081
distributed,398.303032
distributed,1297.667980
distributed,644.977093
distributed,1523.986101
distributed,650.537968
distributed,1403.263092
distributed,502.840996
distributed,1513.657093
distributed,437.360048
distributed,1754.878998
distributed,431.802034
distributed,1591.418028
distributed,391.518116
distributed,1435.611963
distributed,647.960901
distributed,1596.626997
distributed,179.094076
distributed,1835.612059
distributed,327.564001
distributed,2049.558878
distributed,254.565001
distributed,1616.569996
distributed,360.248804
distributed,1249.242067
distributed,766.494989
distributed,1476.956129
distributed,502.654076
distributed,1732.843161
distributed,364.207983
distributed,1539.163828
distributed,755.350828
distributed,1833.951950
distributed,541.245937
distributed,1477.442980
distributed,323.169947
distributed,1630.975008
distributed,206.080914
distributed,1652.842045
distributed,343.018055
distributed,1653.912067
distributed,723.295927
distributed,1648.227930
distributed,326.037884
distributed,1078.794003
distributed,789.677858
distributed,1874.501944
distributed,321.409941
distributed,1547.092915
distributed,542.201996
distributed,2782.388926
distributed,1534.556150
distributed,2197.273016
distributed,1235.623837
distributed,1835.768938
distributed,1691.972971
distributed,1438.987970
distributed,1550.240040
distributed,1691.431999
distributed,1476.385832
distributed,1509.387970
distributed,756.482840
distributed,1442.095041
distributed,1161.087990
distributed,1527.143955
distributed,1149.547815
distributed,1699.154139
distributed,1027.695179
distributed,1556.318998
distributed,1177.648067
distributed,1544.405937
distributed,722.270966
distributed,1632.998943
distributed,396.501064
distributed,1544.387102
distributed,619.067192
distributed,1252.310991
distributed,576.880932
distributed,1264.864206
distributed,499.164104
distributed,1512.413025
distributed,538.274050
distributed,1751.883030
distributed,734.601021
distributed,1472.023010
distributed,509.787083
distributed,900.596857
distributed,824.280024
distributed,1365.113974
distributed,601.409197
distributed,1873.226881
distributed,405.245066
distributed,1800.682068
distributed,405.391932
distributed,1432.521820
distributed,650.344849
distributed,1232.563019
distributed,644.371986
distributed,1442.975998
distributed,358.783960
distributed,1596.795082
distributed,815.952063
distributed,1762.308121
distributed,322.432041
distributed,1369.852066
distributed,395.422935
distributed,1369.918823
distributed,971.230984
distributed,1344.269991
distributed,441.949129
distributed,1607.097864
distributed,682.389975
distributed,1621.904135
distributed,577.603102
distributed,1400.899172
distributed,396.886826
distributed,1331.521988
distributed,574.269056
distributed,1587.382078
distributed,465.728045
distributed,1692.211866
distributed,682.554960
distributed,1551.615000
distributed,429.144144
distributed,1619.654894
distributed,289.680004
distributed,1544.522047
distributed,470.255136
distributed,1416.785955
distributed,645.795822
distributed,1510.529995
distributed,756.181002
distributed,1803.483963
distributed,249.600887
distributed,1512.768030
distributed,500.524998
distributed,1585.749149
distributed,396.246910
distributed,1944.390059
distributed,107.463837
distributed,1273.616076
distributed,1079.999924
distributed,1835.687876
distributed,358.107805
distributed,1730.334997
distributed,283.077002
distributed,1659.207106
distributed,249.524117
distributed,1585.510015
distributed,467.142105
distributed,2744.212151
distributed,1036.344767
distributed,2773.069143
distributed,1359.222889
distributed,1762.445927
distributed,1723.056078
distributed,1584.217072
distributed,1585.232973
distributed,1584.863901
distributed,1329.918861
distributed,1373.336077
distributed,1004.204988
distributed,1619.775772
distributed,1331.327915
distributed,2209.066868
distributed,1197.728157
distributed,1908.113003
distributed,1224.020004
distributed,1906.707048
distributed,1547.662973
distributed,1756.670952
distributed,608.344078
distributed,1729.982853
distributed,610.172987
distributed,1478.020906
distributed,1056.921959
distributed,1559.644938
distributed,655.881882
distributed,1944.309950
distributed,575.257063
distributed,2052.461863
distributed,834.283113
distributed,1353.796959
distributed,545.971870
distributed,1148.267984
distributed,474.356890
distributed,1800.455093
distributed,571.727991
distributed,1381.753922
distributed,603.049040
distributed,1950.295925
distributed,463.111877
distributed,1690.290928
distributed,402.587175
distributed,1093.669176
distributed,1107.584000
distributed,1291.591883
distributed,1022.908926
distributed,921.556950
distributed,325.633049
distributed,2169.775009
distributed,358.548880
distributed,1620.280027
distributed,284.904957
distributed,1520.678997
distributed,863.028049
distributed,1078.050852
distributed,679.437876
distributed,1502.835035
distributed,493.874788
distributed,2144.093990
distributed,290.203810
distributed,1751.356125
distributed,299.816132
distributed,1509.826899
distributed,827.636957
distributed,1154.726982
distributed,1291.331053
distributed,721.667051
distributed,432.885170
distributed,1620.045185
distributed,718.528032
distributed,1471.936941
distributed,507.859945
distributed,1525.652170
distributed,614.238024
distributed,1398.728132
distributed,397.957802
distributed,1544.803143
distributed,485.891104
distributed,2037.569046
distributed,321.059942
distributed,1260.814905
distributed,795.587778
distributed,1148.706913
distributed,937.327862
distributed,1089.891195
distributed,827.870846
distributed,1366.500854
distributed,323.059797
distributed,1390.291929
distributed,807.775974
distributed,1620.743990
distributed,320.775986
distributed,1411.638975
distributed,604.710817
distributed,1119.739056
distributed,750.709057
distributed,1298.989058
distributed,577.486992
distributed,2293.977022
distributed,1494.033098
distributed,2914.052963
distributed,1260.236979
distributed,1336.491108
distributed,1647.948980
distributed,1584.305048
distributed,1583.616972
distributed,1583.996058
distributed,1441.259861
distributed,1485.262871
distributed,1767.390966
distributed,2159.447908
distributed,971.617937
distributed,2050.029993
distributed,1356.578112
distributed,1992.227077
distributed,1403.251886
distributed,1980.329990
distributed,1943.854809
distributed,1783.363104
distributed,951.828003
distributed,1765.661001
distributed,970.291138
distributed,2161.142111
distributed,862.651110
distributed,1835.203886
distributed,1222.763062
distributed,1589.597940
distributed,1003.975153
distributed,1990.402937
distributed,608.982086
distributed,1371.161938
distributed,505.064964
distributed,1729.069948
distributed,537.330866
distributed,1583.992958
distributed,1136.862040
distributed,846.566916
distributed,687.999964
distributed,1390.361071
distributed,942.401886
distributed,1582.282066
distributed,323.280096
distributed,1583.831072
distributed,467.816114
distributed,1560.443163
distributed,739.449978
distributed,1312.925100
distributed,364.123821
distributed,1581.584930
distributed,865.383148
distributed,1471.403837
distributed,542.428017
distributed,1404.630899
distributed,968.137980
distributed,1262.758970
distributed,1011.110067
distributed,1109.835863
distributed,644.478083
distributed,1553.723097
distributed,826.009035
distributed,1624.140978
distributed,729.556084
distributed,1114.589930
distributed,829.235077
distributed,1258.544922
distributed,744.059086
distributed,1055.423021
distributed,397.189856
distributed,2017.004013
distributed,429.740906
distributed,1616.832018
distributed,256.391048
distributed,1547.238111
distributed,648.068905
distributed,1415.034056
distributed,600.721836
distributed,1474.222898
distributed,414.883137
distributed,1722.055912
distributed,358.212948
distributed,1439.069986
distributed,754.081964
distributed,1622.973204
distributed,288.838863
distributed,1509.691954
distributed,466.323137
distributed,1547.681093
distributed,357.012987
distributed,1555.936813
distributed,822.956085
distributed,1479.059935
distributed,504.403830
distributed,1471.065998
distributed,684.220076
distributed,1406.003952
distributed,330.816031
distributed,1432.602882
distributed,775.552988
distributed,2756.428957
distributed,1457.669973
distributed,2017.822027
distributed,1293.260098
distributed,1930.090904
distributed,1607.602119
distributed,1646.421909
distributed,1581.912994
distributed,1557.618856
distributed,1468.224049
distributed,2075.431824
distributed,862.843990
distributed,2326.510906
distributed,412.712097
distributed,1820.567846
distributed,1223.004818
distributed,1715.842009
distributed,1139.105082
distributed,1754.334211
distributed,1100.235224
distributed,1373.796940
distributed,537.084103
distributed,1836.566925
distributed,632.755041
distributed,1952.090979
distributed,507.039070
distributed,1802.442074
distributed,719.995975
distributed,1703.966141
distributed,288.342953
distributed,2076.086998
distributed,324.568987
distributed,1731.014013
distributed,249.324083
distributed,1476.439953
distributed,323.112011
distributed,1291.926861
distributed,325.380802
distributed,2049.821854
distributed,328.210115
distributed,1629.271030
distributed,825.230122
distributed,1874.485016
distributed,218.256950
distributed,1616.362095
distributed,637.207985
distributed,1450.852871
distributed,466.161013
distributed,1446.530104
distributed,425.337076
distributed,1734.981775
distributed,433.094025
distributed,1648.658991
distributed,360.254049
distributed,1847.136974
distributed,325.119019
distributed,1478.473902
distributed,393.034935
distributed,1692.277908
distributed,436.255932
distributed,1623.228073
distributed,714.676142
distributed,1866.163969
distributed,253.886938
distributed,1946.465015
distributed,212.627172
distributed,1727.466106
distributed,322.439194
distributed,1512.635946
distributed,216.068029
distributed,2233.557940
distributed,284.748793
distributed,1659.856081
distributed,287.235022
distributed,1730.559826
distributed,187.649012
distributed,1982.138872
distributed,537.336111
distributed,1406.382084
distributed,144.025087
distributed,1906.493187
distributed,323.020220
distributed,1906.804085
distributed,324.239969
distributed,1624.904871
distributed,318.325996
distributed,1810.746908
distributed,120.888948
distributed,1569.719076
distributed,287.439108
distributed,1567.767859
distributed,923.557043
distributed,1398.054123
distributed,470.714092
distributed,1403.218031
distributed,830.107927
distributed,1327.041149
distributed,576.946974
distributed,1440.999031
distributed,742.975950
distributed,2684.209824
distributed,1383.752108
distributed,2088.121176
distributed,1260.940075
distributed,2050.298214
distributed,1515.045881
distributed,1608.647823
distributed,1627.870083
distributed,1585.222006
distributed,1440.629005
distributed,1689.584017
distributed,866.996050
distributed,1627.653122
distributed,1181.770086
distributed,1406.536102
distributed,1186.712027
distributed,1879.109144
distributed,650.892973
distributed,1536.141157
distributed,1005.033016
distributed,1330.087185
distributed,832.150221
distributed,1575.279951
distributed,439.190149
distributed,1588.438988
distributed,388.535023
distributed,1802.484989
distributed,180.191994
distributed,1592.182875
distributed,251.374960
distributed,1911.762953
distributed,429.305077
distributed,1618.460894
distributed,323.027849
distributed,1731.651783
distributed,358.213902
distributed,1523.737907
distributed,813.473940
distributed,1514.300823
distributed,360.250950
distributed,2101.783991
distributed,274.598837
distributed,1344.838142
distributed,534.934998
distributed,1405.722857
distributed,790.280104
distributed,1187.948942
distributed,758.620977
distributed,1437.083960
distributed,325.607061
distributed,1945.522070
distributed,320.750952
distributed,1493.602991
distributed,320.833921
distributed,1438.132048
distributed,822.627068
distributed,1444.562912
distributed,259.922981
distributed,1423.329115
distributed,683.237076
distributed,1652.384996
distributed,554.960012
distributed,1393.327951
distributed,481.843948
distributed,1517.894030
distributed,601.296902
distributed,1400.627851
distributed,1077.577114
distributed,1013.667107
distributed,504.192114
distributed,1439.475060
distributed,932.070971
distributed,1621.197939
distributed,550.668001
distributed,1515.724897
distributed,398.650885
distributed,1436.377048
distributed,838.851929
distributed,1289.053917
distributed,500.927925
distributed,1472.352982
distributed,648.554802
distributed,1874.794960
distributed,321.204185
distributed,1438.672066
distributed,504.230022
distributed,1521.982908
distributed,507.362127
distributed,1402.096987
distributed,468.750000
distributed,2010.118961
distributed,519.647121
distributed,1286.895037
distributed,393.832922
distributed,1511.463881
distributed,866.619825
distributed,1079.859018
distributed,823.442936
distributed,1367.976904
distributed,437.159061
distributed,2905.649900
distributed,1358.850956
distributed,1787.302017
distributed,1345.297098
distributed,1982.869864
distributed,1647.644997
distributed,1589.004993
distributed,1618.193865
distributed,1584.598780
distributed,1475.187063
distributed,1944.632053
distributed,1224.779129
distributed,1942.431211
distributed,1010.504961
distributed,2623.659134
distributed,1549.838066
distributed,2051.563978
distributed,1228.754997
distributed,2154.680014
distributed,1729.830027
distributed,1671.811819
distributed,701.012850
distributed,1502.037048
distributed,1131.826878
distributed,2106.092930
distributed,900.481939
distributed,1125.169039
distributed,1215.234041
distributed,2196.599960
distributed,1113.662004
distributed,1658.473015
distributed,503.755093
distributed,1512.645960
distributed,658.390999
distributed,1546.158791
distributed,359.173059
distributed,1368.206024
distributed,538.933992
distributed,1514.193058
distributed,397.871017
distributed,1384.252787
distributed,883.038998
distributed,1653.784990
distributed,578.513861
distributed,1401.105881
distributed,256.304979
distributed,1557.666779
distributed,359.440088
distributed,1831.884861
distributed,360.666990
distributed,1717.972994
distributed,589.302063
distributed,1723.865986
distributed,364.138126
distributed,1617.501020
distributed,213.861942
distributed,1444.612980
distributed,715.420008
distributed,1403.519154
distributed,439.667225
distributed,1577.819824
distributed,1135.967970
distributed,1206.509113
distributed,399.065971
distributed,1255.782127
distributed,717.921019
distributed,1154.333830
distributed,860.640049
distributed,1274.214983
distributed,319.979906
distributed,1773.513079
distributed,782.963037
distributed,1510.794163
distributed,432.031870
distributed,1692.672968
distributed,253.056049
distributed,1838.967800
distributed,122.850895
distributed,1611.931086
distributed,439.967871
distributed,1862.684011
distributed,587.064028
distributed,1216.958046
distributed,345.916986
distributed,1667.170048
distributed,756.683111
distributed,1228.815079
distributed,569.047928
distributed,1528.037071
distributed,599.551916
distributed,1902.679920
distributed,463.160038
distributed,1697.270155
distributed,793.141842
distributed,1295.647144
distributed,758.703947
distributed,1017.814159
distributed,599.069118
distributed,1265.997887
distributed,686.514854
greedy,495.516777
greedy,1369789.968967
greedy,2002.799988
greedy,1440.054893
greedy,1414.180040
greedy,1224.560022
greedy,1227.509975
greedy,1831.325054
greedy,1597.831011
greedy,1452.630043
greedy,6370.831966
greedy,1186.559916
greedy,1339.583874
greedy,1016.865969
greedy,1687.393904
greedy,868.612051
greedy,1278.774023
greedy,931.195021
greedy,1206.651926
greedy,777.206898
greedy,5761.062145
greedy,849.709034
greedy,1730.285168
greedy,509.677172
greedy,1609.390020
greedy,643.625975
greedy,1679.437876
greedy,1019.779921
greedy,1618.654966
greedy,359.873056
greedy,6841.500998
greedy,575.541019
greedy,1838.499784
greedy,859.472990
greedy,1801.475048
greedy,478.861094
greedy,1825.954914
greedy,696.316004
greedy,1292.811871
greedy,1103.821039
greedy,7645.370960
greedy,254.722834
greedy,1868.700981
greedy,469.835043
greedy,2266.993999
greedy,869.760990
greedy,1392.798901
greedy,944.823027
greedy,1399.291039
greedy,501.087189
greedy,6912.256956
greedy,1028.634787
greedy,2478.995085
greedy,363.095045
greedy,1689.189911
greedy,539.481878
greedy,1471.363068
greedy,1071.020126
greedy,1528.483868
greedy,1437.987089
greedy,6691.134930
greedy,1186.354876
greedy,1732.182026
greedy,1227.818012
greedy,1655.025005
greedy,717.718124
greedy,1262.529850
greedy,1312.287092
greedy,1541.461945
greedy,1193.510056
greedy,4534.487963
greedy,1653.285027
greedy,2376.875877
greedy,618.691921
greedy,2485.237122
greedy,1465.612888
greedy,2951.537848
greedy,184.289932
greedy,2299.803972
greedy,506.938219
greedy,4975.584030
greedy,1226.341009
greedy,2821.139812
greedy,1053.659916
greedy,2045.660019
greedy,928.102970
greedy,2788.096905
greedy,353.384018
greedy,2142.220020
greedy,683.183908
greedy,7116.410017
greedy,2026.618004
greedy,3167.429924
greedy,829.629183
greedy,1980.914116
greedy,356.712818
greedy,2748.497009
greedy,1232.903957
greedy,2138.037920
greedy,1394.797802
greedy,2461.715937
greedy,1006.943941
greedy,2796.322823
greedy,1475.389004
greedy,1585.379839
greedy,1759.882927
greedy,1585.690975
greedy,1618.432999
greedy,1587.018013
greedy,1472.734928
greedy,4937.458992
greedy,522.650003
greedy,1799.753904
greedy,434.762955
greedy,1573.195219
greedy,788.081884
greedy,1583.127975
greedy,790.664911
greedy,1171.815872
greedy,906.657934
greedy,7534.396172
greedy,323.913097
greedy,2114.513159
greedy,433.909893
greedy,1475.353003
greedy,1123.082161
greedy,1268.002987
greedy,1048.021793
greedy,1586.458921
greedy,468.957186
greedy,6801.982880
greedy,680.365801
greedy,1691.087008
greedy,208.787918
greedy,1991.236925
greedy,760.631084
greedy,1542.372942
greedy,856.827974
greedy,1446.171045
greedy,1369.865894
greedy,6947.421789
greedy,825.190067
greedy,1740.180016
greedy,326.296091
greedy,2016.809940
greedy,1223.827124
greedy,1640.384912
greedy,589.690924
greedy,2050.038099
greedy,394.393921
greedy,7050.863981
greedy,847.694159
greedy,2005.477190
greedy,467.218161
greedy,2088.359833
greedy,967.358828
greedy,1512.627125
greedy,1303.178072
greedy,1365.751982
greedy,993.841887
greedy,6921.719074
greedy,1010.382891
greedy,1651.940107
greedy,1801.602840
greedy,1812.863827
greedy,1295.939922
greedy,1531.877041
greedy,1027.189970
greedy,1785.197973
greedy,623.798132
greedy,6680.658817
greedy,1157.373190
greedy,1676.251888
greedy,1201.274872
greedy,1864.603996
greedy,1081.925154
greedy,1373.661995
greedy,1257.138014
greedy,2241.898060
greedy,927.881002
greedy,8095.633984
greedy,442.802906
greedy,2359.872103
greedy,1485.800982
greedy,2766.077042
greedy,942.392826
greedy,2698.112011
greedy,1007.990837
greedy,2588.741064
greedy,179.098129
greedy,6299.305916
greedy,1283.694983
greedy,1784.949064
greedy,2020.783901
greedy,2366.400003
greedy,1173.879862
greedy,2819.123030
greedy,396.573067
greedy,2013.624907
greedy,830.379963
greedy,3256.244183
greedy,1117.689848
greedy,2012.143135
greedy,1334.046125
greedy,1761.245012
greedy,1584.778070
greedy,1552.049875
greedy,1618.484020
greedy,1617.105961
greedy,1441.051006
greedy,6200.943947
greedy,794.032097
greedy,1359.474182
greedy,995.624065
greedy,1498.141050
greedy,686.357021
greedy,1578.462124
greedy,1091.559887
greedy,1050.788164
greedy,858.261108
greedy,6579.160929
greedy,477.223873
greedy,1074.617863
greedy,1480.355024
greedy,1729.504108
greedy,970.726967
greedy,1544.066191
greedy,721.221924
greedy,1723.480940
greedy,410.475969
greedy,7405.695200
greedy,471.218109
greedy,1584.658861
greedy,393.452883
greedy,2318.263054
greedy,755.378008
greedy,1651.983976
greedy,563.834906
greedy,2027.709961
greedy,292.275906
greedy,6999.085903
greedy,705.258131
greedy,1543.971062
greedy,1222.484112
greedy,1912.158966
greedy,357.197046
greedy,1478.455782
greedy,1687.636852
greedy,1621.398926
greedy,618.371010
greedy,6937.151909
greedy,902.363777
greedy,1839.297056
greedy,828.323126
greedy,1871.568918
greedy,913.747072
greedy,1783.590078
greedy,1045.020103
greedy,1766.360044
greedy,1034.029961
greedy,7615.262032
greedy,911.983967
greedy,2360.709906
greedy,615.756035
greedy,2839.915991
greedy,792.438984
greedy,2655.719995
greedy,394.442081
greedy,2349.553823
greedy,432.702065
greedy,7093.935013
greedy,1291.831017
greedy,1692.872047
greedy,1043.619871
greedy,2766.596079
greedy,619.499207
greedy,1976.830006
greedy,1358.749866
greedy,2281.636000
greedy,683.653831
greedy,7451.069117
greedy,1557.703018
greedy,2327.383995
greedy,1666.058064
greedy,3064.372063
greedy,680.920839
greedy,2530.744076
greedy,1210.885048
greedy,2209.451199
greedy,640.486002
greedy,7849.996090
greedy,1482.341051
greedy,2231.995106
greedy,1621.116161
greedy,2227.905989
greedy,1552.064180
greedy,2243.721962
greedy,1354.182005
greedy,2586.375952
greedy,1042.240143
greedy,2325.695038
greedy,1325.242043
greedy,1909.519911
greedy,1705.170870
greedy,2000.662088
greedy,1644.752979
greedy,1551.787138
greedy,1640.319109
greedy,1550.535202
greedy,1439.336061
greedy,6985.823154
greedy,604.426861
greedy,2095.602036
greedy,225.150824
greedy,1955.513954
greedy,291.510105
greedy,2060.464859
greedy,360.577106
greedy,1905.897141
greedy,319.242954
greedy,5687.258005
greedy,370.059013
greedy,1716.346979
greedy,980.896950
greedy,2120.832920
greedy,390.702009
greedy,1842.725992
greedy,167.747021
greedy,1770.106077
greedy,438.886166
greedy,6548.286915
greedy,719.652891
greedy,1729.781151
greedy,613.470793
greedy,1914.710045
greedy,495.579958
greedy,1868.324995
greedy,809.934855
greedy,1531.878948
greedy,692.884922
greedy,4960.945129
greedy,1363.705158
greedy,2317.541122
greedy,541.954041
greedy,1993.849993
greedy,608.145952
greedy,2086.504936
greedy,504.424095
greedy,1691.102982
greedy,699.199915
greedy,7271.951914
greedy,1112.735033
greedy,2123.049974
greedy,508.040905
greedy,2157.950163
greedy,322.980165
greedy,2341.811895
greedy,1007.344961
greedy,2012.857914
greedy,578.771114
greedy,6586.122036
greedy,1495.547056
greedy,1063.451052
greedy,1905.776024
greedy,1764.671087
greedy,537.230968
greedy,1580.919981
greedy,1491.296053
greedy,1898.367167
greedy,935.165882
greedy,6169.939995
greedy,1136.155844
greedy,2594.305038
greedy,827.233076
greedy,3248.950958
greedy,540.395021
greedy,2978.812218
greedy,369.170189
greedy,2231.251955
greedy,1154.001951
greedy,5180.587769
greedy,1631.841898
greedy,1997.593880
greedy,1467.688084
greedy,1957.710981
greedy,1582.036972
greedy,1833.549023
greedy,1242.587090
greedy,1811.200857
greedy,1703.148842
greedy,7553.030014
greedy,1181.788921
greedy,3064.925909
greedy,941.440105
greedy,3096.848011
greedy,1071.173906
greedy,2457.430124
greedy,1449.598074
greedy,2228.651047
greedy,2068.724871
greedy,3076.800823
greedy,1255.357981
greedy,2051.192999
greedy,1406.748056
greedy,1580.512047
greedy,1587.683916
greedy,1584.295988
greedy,1616.316080
greedy,1584.099054
greedy,1474.834919
greedy,5776.098967
greedy,984.400034
greedy,1881.828070
greedy,824.259996
greedy,1153.033972
greedy,215.771914
greedy,2342.808962
greedy,284.293890
greedy,1885.360003
greedy,238.542795
greedy,6960.257053
greedy,310.653925
greedy,1812.922955
greedy,291.547060
greedy,2193.571091
greedy,398.934126
greedy,1758.846045
greedy,652.426958
greedy,1867.239952
greedy,217.705965
greedy,4753.547907
greedy,218.630075
greedy,1733.167887
greedy,1068.869114
greedy,1597.127914
greedy,597.967863
greedy,2281.522989
greedy,357.465982
greedy,1833.103895
greedy,359.066963
greedy,5008.749008
greedy,1150.933981
greedy,2843.935966
greedy,219.913960
greedy,2371.979952
greedy,432.767153
greedy,1981.333971
greedy,756.249905
greedy,2013.988972
greedy,792.496920
greedy,5109.626055
greedy,616.302013
greedy,2194.687843
greedy,783.167839
greedy,1924.211025
greedy,1336.667061
greedy,1935.753822
greedy,941.065073
greedy,2051.347017
greedy,610.904932
greedy,4501.648903
greedy,1619.202852
greedy,2085.539103
greedy,960.834980
greedy,1775.520086
greedy,792.943001
greedy,1871.032953
greedy,1801.452875
greedy,1690.732956
greedy,614.083052
greedy,7488.889933
greedy,825.326920
greedy,2736.582041
greedy,1031.905890
greedy,2272.980928
greedy,1304.501057
greedy,2231.454849
greedy,1268.300056
greedy,1452.675819
greedy,2018.134117
greedy,5679.720163
greedy,1097.445011
greedy,2697.798014
greedy,893.271923
greedy,1979.109049
greedy,1449.888945
greedy,2289.994955
greedy,1052.895069
greedy,2702.246904
greedy,469.527006
greedy,7185.919046
greedy,1548.038006
greedy,2035.396099
greedy,2117.300034
greedy,3273.762941
greedy,857.596159
greedy,3058.553934
greedy,1306.429148
greedy,2976.677179
greedy,394.820929
greedy,2126.127958
greedy,1337.066174
greedy,2249.076843
greedy,1511.623859
greedy,2056.187868
greedy,1651.268959
greedy,1619.967937
greedy,1584.074020
greedy,1552.395105
greedy,1507.033825
greedy,6444.539070
greedy,1073.631048
greedy,1650.050163
greedy,465.986967
greedy,1360.318184
greedy,969.956875
greedy,1550.559044
greedy,536.880970
greedy,1694.045067
greedy,588.055134
greedy,7147.397995
greedy,182.611942
greedy,1619.511843
greedy,697.268009
greedy,1760.138035
greedy,323.506117
greedy,1698.324919
greedy,871.842146
greedy,1463.074923
greedy,647.176981
greedy,6798.359156
greedy,516.808987
greedy,2224.020958
greedy,437.422037
greedy,2143.152952
greedy,1013.550997
greedy,1171.165943
greedy,1016.746044
greedy,1609.302998
greedy,531.735897
greedy,5919.275999
greedy,525.681973
greedy,1940.740824
greedy,1377.305031
greedy,1909.708023
greedy,351.148129
greedy,1734.266996
greedy,830.805779
greedy,1761.143923
greedy,274.773121
greedy,6241.119862
greedy,1146.527052
greedy,1874.086857
greedy,294.199944
greedy,2269.819021
greedy,778.755188
greedy,1555.454016
greedy,1368.241072
greedy,1215.043068
greedy,1404.762030
greedy,6805.138826
greedy,809.830904
greedy,1426.709175
greedy,1601.379871
greedy,2031.720161
greedy,1129.230022
greedy,1192.675114
greedy,1213.211060
greedy,1257.471085
greedy,853.426933
greedy,7240.116835
greedy,1734.596968
greedy,2697.467089
greedy,970.023155
greedy,2126.824141
greedy,938.289881
greedy,2770.959854
greedy,790.534973
greedy,1912.948847
greedy,1642.825127
greedy,7136.433125
greedy,1439.664125
greedy,2050.414085
greedy,2803.452969
greedy,1525.959015
greedy,816.162825
greedy,2149.916172
greedy,1476.708889
greedy,2025.343180
greedy,795.560837
greedy,7407.279015
greedy,1639.901876
greedy,3472.836018
greedy,900.556803
greedy,2356.754065
greedy,1522.176981
greedy,2043.891907
greedy,1560.995102
greedy,1804.546833
greedy,1836.506128
greedy,3375.922918
greedy,1210.926056
greedy,2001.451969
greedy,1224.644899
greedy,1727.840900
greedy,1583.595991
greedy,1618.306875
greedy,1619.740009
greedy,1513.638020
greedy,1535.994053
greedy,6514.143944
greedy,1081.321001
greedy,1560.286999
greedy,600.718975
greedy,1489.709139
greedy,501.550198
greedy,1581.766844
greedy,822.639942
greedy,1671.496868
greedy,536.473036
greedy,7275.598049
greedy,328.345060
greedy,1448.991060
greedy,1137.895823
greedy,1480.036974
greedy,776.160955
greedy,1720.667839
greedy,608.356953
greedy,1648.217916
greedy,703.233004
greedy,6962.912083
greedy,356.721878
greedy,1379.060984
greedy,1199.834108
greedy,1431.496143
greedy,793.749094
greedy,1691.590071
greedy,1040.303946
greedy,1512.568951
greedy,785.728931
greedy,6810.570002
greedy,323.690891
greedy,1653.888941
greedy,1007.134914
greedy,1914.966106
greedy,982.810974
greedy,1520.414114
greedy,1195.116043
greedy,1303.771973
greedy,777.706861
greedy,6318.321943
greedy,1550.595999
greedy,2301.181793
greedy,172.176123
greedy,1867.105961
greedy,1020.966053
greedy,2043.676853
greedy,587.147951
greedy,1788.477898
greedy,549.462080
greedy,6227.034092
greedy,1620.118856
greedy,1624.171019
greedy,994.686127
greedy,1628.751993
greedy,893.177032
greedy,1916.653872
greedy,501.449108
greedy,2196.359873
greedy,572.772026
greedy,5470.437050
greedy,2020.533085
greedy,2268.579960
greedy,468.528032
greedy,2336.720943
greedy,1440.591097
greedy,1846.361876
greedy,1647.276878
greedy,2408.197880
greedy,897.737980
greedy,5081.974030
greedy,1869.389057
greedy,1658.116102
greedy,970.417023
greedy,2495.143890
greedy,1304.270983
greedy,2284.060001
greedy,1089.185953
greedy,2450.203896
greedy,1044.661999
greedy,6656.883001
greedy,1070.819855
greedy,1944.163799
greedy,1100.278854
greedy,2464.566946
greedy,1558.856964
greedy,2554.066896
greedy,1256.696224
greedy,2307.054996
greedy,851.942062
greedy,3120.990992
greedy,1241.203070
greedy,2194.340944
greedy,1298.920870
greedy,1652.229071
greedy,1584.858179
greedy,1654.237032
greedy,1595.729113
greedy,1548.344851
greedy,1440.989971
greedy,7177.620888
greedy,467.483044
greedy,1549.342155
greedy,682.649851
greedy,1684.232950
greedy,826.242924
greedy,1649.973154
greedy,399.190903
greedy,1700.999975
greedy,540.093899
greedy,7202.153921
greedy,649.511814
greedy,2588.391066
greedy,250.293016
greedy,1727.885008
greedy,291.466951
greedy,1831.026077
greedy,183.600187
greedy,1833.017111
greedy,432.142973
greedy,4871.068001
greedy,348.414898
greedy,1799.936056
greedy,900.942087
greedy,1979.549170
greedy,789.819956
greedy,1910.128117
greedy,434.607029
greedy,2061.514139
greedy,272.863865
greedy,7176.928997
greedy,328.131914
greedy,1687.379122
greedy,723.493814
greedy,2620.718002
greedy,471.621990
greedy,1980.602026
greedy,143.190145
greedy,1586.771011
greedy,646.808147
greedy,4176.947117
greedy,1255.776882
greedy,1873.908997
greedy,1222.460985
greedy,2389.427900
greedy,670.184851
greedy,2052.157879
greedy,622.277021
greedy,2127.588987
greedy,502.824068
greedy,4821.906090
greedy,1239.064932
greedy,1592.881918
greedy,1847.779989
greedy,2295.022964
greedy,336.587191
greedy,2014.717817
greedy,921.931028
greedy,2061.589003
greedy,323.118210
greedy,6808.432817
greedy,1328.270912
greedy,2291.233063
greedy,732.813120
greedy,2807.751179
greedy,898.643970
greedy,2415.801048
greedy,286.724091
greedy,2264.635801
greedy,1165.356874
greedy,6509.262085
greedy,1973.582029
greedy,2375.854015
greedy,684.872866
greedy,1794.922829
greedy,1641.020060
greedy,2110.011101
greedy,1581.163883
greedy,2123.434067
greedy,444.504023
greedy,7644.407988
greedy,1053.963900
greedy,2991.567135
greedy,1759.860039
greedy,3027.342081
greedy,646.800041
greedy,2661.144018
greedy,1691.775084
greedy,2558.115005
greedy,286.413193
greedy,2972.922087
greedy,1413.309097
greedy,2181.568861
greedy,1331.743002
greedy,1679.554939
greedy,1620.338917
greedy,1583.277941
greedy,1565.607071
greedy,1614.567995
greedy,1403.244972
greedy,7071.187019
greedy,502.686977
greedy,1821.548223
greedy,329.254866
greedy,1616.863966
greedy,543.359995
greedy,1483.736038
greedy,612.398863
greedy,1764.490843
greedy,696.410179
greedy,7187.601089
greedy,362.457991
greedy,1579.395056
greedy,614.048004
greedy,1793.743134
greedy,758.783102
greedy,1596.511126
greedy,935.828924
greedy,1369.468212
greedy,500.131845
greedy,6924.782038
greedy,496.715069
greedy,1878.628969
greedy,399.650097
greedy,2047.433138
greedy,251.595020
greedy,2125.091076
greedy,214.541912
greedy,1873.419046
greedy,828.314066
greedy,6981.488943
greedy,904.329062
greedy,2233.020067
greedy,390.002012
greedy,1453.150034
greedy,611.547947
greedy,2331.398010
greedy,658.946991
greedy,1832.874060
greedy,651.532173
greedy,5180.711985
greedy,1223.228931
greedy,2415.258884
greedy,759.243965
greedy,2513.350964
greedy,730.110884
greedy,2799.925804
greedy,650.572062
greedy,1941.915035
greedy,432.769060
greedy,5803.220987
greedy,1523.571968
greedy,1934.994936
greedy,1405.348063
greedy,2351.752043
greedy,883.994818
greedy,1811.491966
greedy,962.972164
greedy,2384.418964
greedy,326.764107
greedy,6768.916130
greedy,2183.523893
greedy,2710.431099
greedy,1184.126139
greedy,2557.037830
greedy,790.625095
greedy,2153.517008
greedy,1053.107977
greedy,2373.141050
greedy,1333.395958
greedy,7381.422997
greedy,1723.938942
greedy,2376.718044
greedy,901.218176
greedy,2840.890169
greedy,1059.466839
greedy,2686.651945
greedy,786.291122
greedy,2887.767076
greedy,321.532011
greedy,7492.126942
greedy,1522.293091
greedy,3587.610006
greedy,659.530878
greedy,3597.207069
greedy,576.722145
greedy,2877.667904
greedy,905.318975
greedy,2768.759966
greedy,820.430040
nolb,3105.938911
nolb,1395.211935
nolb,2098.901033
nolb,1224.499941
nolb,1607.860088
nolb,1607.249022
nolb,1596.431971
nolb,1584.995985
nolb,1605.460882
nolb,1404.367924
nolb,2812.467813
nolb,1078.305006
nolb,1401.523113
nolb,1619.883060
nolb,1981.518030
nolb,1654.069185
nolb,1595.098019
nolb,1584.764004
nolb,1582.078934
nolb,2197.498083
nolb,2483.289957
nolb,1086.176872
nolb,1288.998127
nolb,1657.883883
nolb,2085.664034
nolb,1583.908081
nolb,1586.783886
nolb,1583.287954
nolb,1583.452940
nolb,1438.033104
nolb,2808.868885
nolb,1080.993891
nolb,1330.600023
nolb,1585.072994
nolb,2017.467976
nolb,1652.392864
nolb,1547.099829
nolb,1593.883038
nolb,1609.961033
nolb,2142.138004
nolb,2621.665955
nolb,1169.955969
nolb,1271.070957
nolb,1520.978928
nolb,2015.983820
nolb,1654.461145
nolb,1618.166924
nolb,1548.458815
nolb,1585.768938
nolb,1474.843979
nolb,2738.341808
nolb,1214.656115
nolb,1266.360044
nolb,1764.470100
nolb,1798.002005
nolb,1658.885002
nolb,1616.853952
nolb,1583.437920
nolb,1584.564924
nolb,2155.521870
nolb,2536.382914
nolb,1171.460867
nolb,1270.581961
nolb,1591.624975
nolb,1980.000973
nolb,1617.483854
nolb,1621.845007
nolb,1583.985090
nolb,1583.982229
nolb,1438.714027
nolb,2842.948198
nolb,1182.843208
nolb,1302.843094
nolb,1626.081944
nolb,1903.591871
nolb,1654.733896
nolb,1616.459131
nolb,1583.786011
nolb,1549.301863
nolb,2190.511942
nolb,2597.460032
nolb,1078.563929
nolb,1345.556974
nolb,1687.776089
nolb,1945.441961
nolb,1621.568918
nolb,1618.119001
nolb,1549.520016
nolb,1582.112074
nolb,1475.914955
nolb,2740.157127
nolb,1075.048923
nolb,1403.781176
nolb,1551.251173
nolb,2085.860968
nolb,1547.363997
nolb,1585.370064
nolb,1584.107161
nolb,1584.636927
nolb,2410.551071
nolb,2935.963869
nolb,1424.427032
nolb,2158.658981
nolb,1228.065968
nolb,1688.173056
nolb,1674.829960
nolb,1657.577038
nolb,1635.231972
nolb,1567.756176
nolb,1385.133028
nolb,2700.428963
nolb,1254.096031
nolb,1767.019033
nolb,1154.270887
nolb,1798.923969
nolb,1679.178953
nolb,1597.995996
nolb,1582.881927
nolb,1584.578991
nolb,2157.907009
nolb,2554.968834
nolb,1082.319021
nolb,1907.181025
nolb,1227.514029
nolb,1844.859838
nolb,1605.470896
nolb,1668.253183
nolb,1549.456835
nolb,1582.018137
nolb,1475.733995
nolb,2666.110992
nolb,1209.236860
nolb,1851.059914
nolb,1185.854912
nolb,1873.425007
nolb,1658.796072
nolb,1582.870007
nolb,1583.024025
nolb,1618.848085
nolb,2119.883060
nolb,2560.086012
nolb,1255.518913
nolb,1803.767204
nolb,1158.547163
nolb,1865.421057
nolb,1690.804958
nolb,1584.259987
nolb,1618.420124
nolb,1549.789906
nolb,1474.135160
nolb,2524.818182
nolb,1287.513971
nolb,1837.894917
nolb,1155.146837
nolb,1919.612885
nolb,1622.092962
nolb,1616.968155
nolb,1584.324121
nolb,1618.990183
nolb,2124.387026
nolb,2448.355913
nolb,1115.576982
nolb,1833.713055
nolb,1187.294006
nolb,1946.258068
nolb,1615.406990
nolb,1588.031054
nolb,1585.039139
nolb,1583.927155
nolb,1508.665085
nolb,2668.025970
nolb,1290.782928
nolb,1765.036106
nolb,1165.618896
nolb,1945.162058
nolb,1615.896940
nolb,1584.685087
nolb,1583.093882
nolb,1584.227800
nolb,2125.705957
nolb,2613.620043
nolb,1058.705091
nolb,1799.872160
nolb,1185.986042
nolb,1876.327038
nolb,1653.032064
nolb,1583.422899
nolb,1585.548878
nolb,1616.808176
nolb,1474.911928
nolb,2668.614864
nolb,968.822956
nolb,2091.216087
nolb,1182.777166
nolb,2016.919136
nolb,1583.534956
nolb,1583.276033
nolb,1584.026098
nolb,1657.925844
nolb,2303.739071
nolb,2387.090921
nolb,1317.036867
nolb,2139.899015
nolb,1761.605978
nolb,1920.123100
nolb,1619.899035
nolb,1619.436979
nolb,1585.711956
nolb,1618.134975
nolb,1405.522108
nolb,2158.759832
nolb,2571.082830
nolb,1438.930035
nolb,1118.021011
nolb,1868.365049
nolb,1366.469860
nolb,1584.658146
nolb,1584.159136
nolb,1583.543062
nolb,2171.998024
nolb,1908.958912
nolb,2526.882887
nolb,1430.814981
nolb,1153.219938
nolb,1690.374851
nolb,1584.058046
nolb,1586.074114
nolb,1580.539942
nolb,1584.308863
nolb,1439.229012
nolb,2305.854082
nolb,2337.653875
nolb,1332.463026
nolb,1155.887127
nolb,1808.701038
nolb,1475.317955
nolb,1584.119081
nolb,1654.334068
nolb,1585.237980
nolb,2088.042021
nolb,2017.461777
nolb,2412.642956
nolb,1363.964081
nolb,1119.064093
nolb,1726.377010
nolb,1618.707895
nolb,1548.455000
nolb,1583.436012
nolb,1584.061861
nolb,1475.205898
nolb,2519.840956
nolb,2128.053188
nolb,1363.995075
nolb,1192.709923
nolb,1653.367996
nolb,1617.304087
nolb,1619.265079
nolb,1565.572023
nolb,1578.846931
nolb,2090.177059
nolb,2157.481909
nolb,2236.819983
nolb,1364.886999
nolb,1116.636038
nolb,1726.999044
nolb,1546.190023
nolb,1584.687948
nolb,1584.387064
nolb,1583.595037
nolb,1474.221945
nolb,2557.287931
nolb,2157.800913
nolb,1336.641073
nolb,1118.336916
nolb,1721.891880
nolb,1549.464941
nolb,1581.988096
nolb,1620.751143
nolb,1582.651854
nolb,2197.744131
nolb,1942.925930
nolb,2518.243790
nolb,1371.501923
nolb,1114.861012
nolb,1509.361029
nolb,1717.483997
nolb,1597.985029
nolb,1615.483046
nolb,1620.696068
nolb,1475.156069
nolb,2631.274939
nolb,2017.932892
nolb,1369.568825
nolb,1117.350817
nolb,1792.279959
nolb,1584.167004
nolb,1654.624224
nolb,1598.330021
nolb,1584.078074
nolb,2304.788113
nolb,2704.151869
nolb,1423.361063
nolb,1940.516949
nolb,1477.030993
nolb,1870.578051
nolb,1621.632099
nolb,1597.249985
nolb,1596.311092
nolb,1620.125055
nolb,1465.849161
nolb,3165.939808
nolb,1221.226931
nolb,1152.189016
nolb,1546.185017
nolb,2088.520050
nolb,1512.387037
nolb,1579.814911
nolb,1586.883068
nolb,1584.057808
nolb,2105.030060
nolb,2903.867006
nolb,1329.018116
nolb,1221.455097
nolb,1295.283794
nolb,1925.112963
nolb,1652.767181
nolb,1617.882967
nolb,1514.784098
nolb,1587.049007
nolb,1472.980022
nolb,3097.182989
nolb,1364.742994
nolb,1258.038998
nolb,1178.455114
nolb,2062.821865
nolb,1619.960070
nolb,1583.821058
nolb,1547.572851
nolb,1618.628025
nolb,2089.337826
nolb,2810.543060
nolb,1329.305172
nolb,1226.422071
nolb,1366.447210
nolb,1906.655073
nolb,1583.675861
nolb,1585.777998
nolb,1630.004168
nolb,1618.211031
nolb,1441.120148
nolb,3095.362186
nolb,1340.698004
nolb,1255.954027
nolb,1184.341908
nolb,2016.140938
nolb,1511.922121
nolb,1584.565163
nolb,1583.231926
nolb,1586.565018
nolb,2192.519903
nolb,2779.377937
nolb,1362.879038
nolb,1292.493105
nolb,1187.688112
nolb,1907.692194
nolb,1670.048952
nolb,1617.367983
nolb,1585.860014
nolb,1582.022905
nolb,1439.386129
nolb,3101.042986
nolb,1331.248999
nolb,1291.655064
nolb,1153.081179
nolb,1981.272936
nolb,1503.567934
nolb,1634.407997
nolb,1647.920132
nolb,1618.024826
nolb,2125.424147
nolb,2882.287025
nolb,1365.334988
nolb,1261.842012
nolb,1185.480833
nolb,2089.656115
nolb,1474.113941
nolb,1549.342155
nolb,1591.167212
nolb,1612.112999
nolb,1475.358963
nolb,3168.617010
nolb,1379.384995
nolb,1257.515907
nolb,1192.465067
nolb,1978.563070
nolb,1653.616190
nolb,1547.894001
nolb,1619.503021
nolb,1543.564081
nolb,2381.726027
nolb,2946.290970
nolb,1415.664911
nolb,2230.756998
nolb,1225.075006
nolb,1653.465986
nolb,1583.053827
nolb,1620.030165
nolb,1583.526850
nolb,1620.137215
nolb,1439.471960
nolb,3098.701954
nolb,1616.794109
nolb,1262.174129
nolb,1150.254011
nolb,1777.213097
nolb,1644.253016
nolb,1618.476868
nolb,1583.913088
nolb,1583.622932
nolb,2125.370026
nolb,2841.660976
nolb,1553.980827
nolb,1294.599056
nolb,1183.488846
nolb,1762.853146
nolb,1585.830927
nolb,1583.322048
nolb,1583.039045
nolb,1603.795052
nolb,1457.751989
nolb,3128.594160
nolb,1514.259100
nolb,1298.748970
nolb,1148.624897
nolb,1799.687862
nolb,1632.838964
nolb,1548.761845
nolb,1582.703114
nolb,1618.170023
nolb,2088.936090
nolb,2774.536848
nolb,1622.928143
nolb,1291.898966
nolb,1148.726940
nolb,1729.691982
nolb,1672.853947
nolb,1601.159096
nolb,1619.523048
nolb,1584.027052
nolb,1406.666040
nolb,3021.768093
nolb,1590.114832
nolb,1292.947054
nolb,1149.073124
nolb,1848.025084
nolb,1606.646061
nolb,1560.456991
nolb,1619.228840
nolb,1549.257040
nolb,2086.896181
nolb,2810.505867
nolb,1622.658968
nolb,1290.899038
nolb,1152.994156
nolb,1765.368938
nolb,1688.003063
nolb,1549.707890
nolb,1584.172010
nolb,1583.905935
nolb,1404.443026
nolb,2952.003002
nolb,1659.395218
nolb,1290.185928
nolb,1192.890882
nolb,1736.353159
nolb,1689.466000
nolb,1618.893147
nolb,1550.198078
nolb,1581.654072
nolb,2089.552879
nolb,2878.877163
nolb,1554.191828
nolb,1289.469004
nolb,1151.469946
nolb,1764.078140
nolb,1655.888081
nolb,1619.497061
nolb,1548.434973
nolb,1583.679914
nolb,1441.313982
nolb,2995.284081
nolb,1579.893112
nolb,1291.378021
nolb,1152.155876
nolb,1762.474060
nolb,1657.824993
nolb,1584.744930
nolb,1583.747864
nolb,1582.570076
nolb,2304.683924
nolb,2546.396017
nolb,1282.716036
nolb,2266.283035
nolb,1441.312790
nolb,1979.773998
nolb,1654.975891
nolb,1619.673967
nolb,1619.676113
nolb,1583.752871
nolb,1439.494133
nolb,3133.625031
nolb,1659.344912
nolb,1478.332996
nolb,1263.887167
nolb,1192.234993
nolb,1654.030085
nolb,1618.002892
nolb,1571.301937
nolb,1596.292019
nolb,2162.132025
nolb,3022.251129
nolb,1626.699924
nolb,1504.184008
nolb,1223.520041
nolb,1225.022078
nolb,1618.649006
nolb,1583.959818
nolb,1584.278822
nolb,1619.858980
nolb,1439.325094
nolb,3167.890072
nolb,1660.183907
nolb,1475.352049
nolb,1256.268024
nolb,1202.838898
nolb,1688.506126
nolb,1584.056139
nolb,1583.801031
nolb,1584.152937
nolb,2126.791954
nolb,2916.180849
nolb,1687.864065
nolb,1479.528904
nolb,1220.669985
nolb,1224.261999
nolb,1703.119040
nolb,1583.853960
nolb,1583.737135
nolb,1583.949804
nolb,1475.794077
nolb,3204.015017
nolb,1630.411863
nolb,1472.656012
nolb,1252.420902
nolb,1226.622105
nolb,1652.764082
nolb,1583.868980
nolb,1583.791971
nolb,1584.262848
nolb,2161.989927
nolb,2962.381124
nolb,1655.768871
nolb,1481.154919
nolb,1218.317032
nolb,1295.650959
nolb,1655.251026
nolb,1583.806038
nolb,1547.682047
nolb,1584.918022
nolb,1474.722862
nolb,3172.396898
nolb,1653.778076
nolb,1475.820780
nolb,1222.221851
nolb,1295.789003
nolb,1622.196913
nolb,1593.067169
nolb,1583.621025
nolb,1583.773851
nolb,2126.230001
nolb,2949.267149
nolb,1655.009985
nolb,1477.126122
nolb,1193.688869
nolb,1253.885031
nolb,1659.394979
nolb,1615.501881
nolb,1584.413052
nolb,1551.158190
nolb,1435.935020
nolb,3174.031973
nolb,1685.945034
nolb,1476.853132
nolb,1227.082014
nolb,1222.645044
nolb,1664.526939
nolb,1584.631920
nolb,1619.174957
nolb,1584.095001
nolb,2297.726870
nolb,2840.164900
nolb,1341.245174
nolb,2265.128136
nolb,1130.707026
nolb,1821.554184
nolb,1583.740950
nolb,1584.084034
nolb,1583.495855
nolb,1583.744049
nolb,1476.526976
nolb,2759.439945
nolb,1325.453997
nolb,1725.597143
nolb,1183.986187
nolb,1838.468075
nolb,1617.535830
nolb,1657.366991
nolb,1546.393156
nolb,1583.927870
nolb,2174.853086
nolb,2487.279177
nolb,1269.485950
nolb,1844.318867
nolb,1152.476072
nolb,1836.282969
nolb,1582.401037
nolb,1596.647978
nolb,1584.188938
nolb,1566.203833
nolb,1491.656065
nolb,2725.136042
nolb,1284.141064
nolb,1715.194941
nolb,1153.454065
nolb,1905.271053
nolb,1621.161938
nolb,1632.549047
nolb,1546.931982
nolb,1618.494034
nolb,2125.889063
nolb,2522.794962
nolb,1124.866962
nolb,1930.464983
nolb,1153.156042
nolb,1871.825933
nolb,1605.576038
nolb,1597.270012
nolb,1571.168900
nolb,1597.126961
nolb,1473.661900
nolb,2739.071131
nolb,1236.848831
nolb,1711.013079
nolb,1118.943930
nolb,2050.585032
nolb,1618.327141
nolb,1584.305048
nolb,1621.584892
nolb,1548.352003
nolb,2123.882055
nolb,2448.725939
nolb,1296.612024
nolb,1737.667084
nolb,1221.649885
nolb,1907.680988
nolb,1538.996935
nolb,1593.391895
nolb,1619.890928
nolb,1549.924850
nolb,1474.045038
nolb,2795.135975
nolb,1242.129087
nolb,1787.329912
nolb,1182.277918
nolb,1874.459982
nolb,1618.660927
nolb,1585.038900
nolb,1631.711006
nolb,1545.860052
nolb,2126.564980
nolb,2588.582039
nolb,1241.400003
nolb,1950.622082
nolb,1153.777122
nolb,1697.654009
nolb,1659.603119
nolb,1575.916052
nolb,1579.694986
nolb,1596.099138
nolb,1439.577103
nolb,2774.858952
nolb,1249.644995
nolb,1915.225983
nolb,1154.893875
nolb,1762.691021
nolb,1645.350933
nolb,1594.329834
nolb,1583.329916
nolb,1618.698120
nolb,2306.083918
nolb,3052.591801
nolb,1338.980198
nolb,2137.338161
nolb,1154.038906
nolb,1784.860849
nolb,1650.726795
nolb,1547.415018
nolb,1600.589991
nolb,1601.862192
nolb,1430.891991
nolb,2873.361111
nolb,1167.308092
nolb,1223.724842
nolb,1243.318796
nolb,2362.708092
nolb,1620.300055
nolb,1585.602045
nolb,1584.007978
nolb,1582.662106
nolb,2176.984072
nolb,2552.332163
nolb,1299.387217
nolb,1242.311954
nolb,1362.200022
nolb,2236.366987
nolb,1585.567951
nolb,1583.817005
nolb,1582.933903
nolb,1561.700821
nolb,1474.782944
nolb,2843.599796
nolb,1080.245972
nolb,1296.567917
nolb,1289.193869
nolb,2345.468998
nolb,1654.192924
nolb,1548.874855
nolb,1546.913862
nolb,1623.309851
nolb,2194.268942
nolb,2590.993881
nolb,1217.756033
nolb,1190.068007
nolb,1258.962870
nolb,2273.169994
nolb,1690.500021
nolb,1584.003925
nolb,1583.903074
nolb,1585.047960
nolb,1447.082043
nolb,2812.638998
nolb,1137.693882
nolb,1187.769175
nolb,1304.452896
nolb,2381.798029
nolb,1654.330969
nolb,1619.365931
nolb,1584.143877
nolb,1515.235186
nolb,2192.869186
nolb,2557.297945
nolb,1216.788054
nolb,1190.003157
nolb,1295.073986
nolb,2236.539125
nolb,1691.442966
nolb,1585.315228
nolb,1583.006144
nolb,1596.315145
nolb,1476.464987
nolb,2844.012022
nolb,1112.680912
nolb,1225.918055
nolb,1329.983950
nolb,2340.982914
nolb,1602.049112
nolb,1601.775885
nolb,1584.577084
nolb,1584.522963
nolb,2225.600958
nolb,2525.507927
nolb,1080.330133
nolb,1257.497072
nolb,1332.484007
nolb,2341.398001
nolb,1652.974129
nolb,1584.393024
nolb,1583.728790
nolb,1548.969030
nolb,1440.768003
nolb,2806.579828
nolb,1219.686985
nolb,1228.435040
nolb,1329.782963
nolb,2126.441002
nolb,1726.104975
nolb,1631.561041
nolb,1584.652901
nolb,1584.447861
nolb,2375.990868
nolb,2463.721991
nolb,990.188837
nolb,3037.516117
nolb,1189.110041
nolb,1657.271862
nolb,1583.333015
nolb,1654.170036
nolb,1583.146095
nolb,1582.525015
nolb,1513.607979
nolb,3023.159981
nolb,1154.906988
nolb,1581.595898
nolb,1153.702974
nolb,1980.573893
nolb,1654.422998
nolb,1587.023020
nolb,1614.970922
nolb,1561.392069
nolb,2160.070896
nolb,2771.022081
nolb,1186.588049
nolb,1550.175905
nolb,1153.305054
nolb,2024.424076
nolb,1668.092966
nolb,1584.069014
nolb,1583.754063
nolb,1619.697094
nolb,1439.218044
nolb,2882.513046
nolb,1153.331995
nolb,1615.649939
nolb,1152.666807
nolb,1982.415915
nolb,1688.666105
nolb,1550.807953
nolb,1617.306948
nolb,1584.527016
nolb,2120.476007
nolb,2669.904947
nolb,1187.046051
nolb,1510.698080
nolb,1201.370001
nolb,2014.621019
nolb,1690.344095
nolb,1547.776222
nolb,1584.837914
nolb,1583.986998
nolb,1438.879967
nolb,2917.647123
nolb,1152.095079
nolb,1512.053967
nolb,1222.721815
nolb,1907.169104
nolb,1729.218006
nolb,1581.595898
nolb,1584.547043
nolb,1583.190918
nolb,2162.164211
nolb,2712.186098
nolb,1187.730074
nolb,1799.799919
nolb,1114.694118
nolb,1834.590912
nolb,1656.033039
nolb,1594.014883
nolb,1609.422922
nolb,1619.915962
nolb,1440.045834
nolb,2881.572962
nolb,1186.397076
nolb,1549.230099
nolb,1186.351061
nolb,2015.280008
nolb,1634.661913
nolb,1605.018139
nolb,1583.608866
nolb,1584.523916
nolb,2089.560032
nolb,2699.851036
nolb,1152.166128
nolb,1653.112888
nolb,1187.617064
nolb,1875.296116
nolb,1688.766956
nolb,1550.225973
nolb,1582.201958
nolb,1619.024992
nolb,1403.983116
nolb,2930.088997
nolb,1154.207945
nolb,1437.217951
nolb,1329.864979
nolb,2015.743017
nolb,1656.050920
nolb,1551.100016
nolb,1581.142902
nolb,1619.344950
nolb,2341.618061
packdrop,2857.552052
packdrop,1396.950960
packdrop,2601.426840
packdrop,1228.936911
packdrop,1277.865887
packdrop,1620.019197
packdrop,1597.779989
packdrop,1574.666977
packdrop,1591.376066
packdrop,1477.285862
packdrop,1822.268009
packdrop,862.895012
packdrop,1367.835999
packdrop,685.577869
packdrop,1541.069031
packdrop,1003.654957
packdrop,1594.850063
packdrop,875.854969
packdrop,1654.933929
packdrop,1443.244934
packdrop,1689.885139
packdrop,408.745050
packdrop,1428.126097
packdrop,1166.805983
packdrop,1179.960966
packdrop,713.000059
packdrop,1417.115211
packdrop,787.662983
packdrop,1407.155991
packdrop,861.142874
packdrop,1838.280201
packdrop,648.422956
packdrop,1651.232958
packdrop,337.106943
packdrop,1572.676897
packdrop,464.444160
packdrop,1876.885891
packdrop,402.532816
packdrop,2113.664865
packdrop,657.784939
packdrop,1335.592031
packdrop,885.518074
packdrop,1274.296999
packdrop,404.667139
packdrop,1574.996948
packdrop,394.069195
packdrop,1514.420033
packdrop,617.923021
packdrop,1396.261930
packdrop,208.208799
packdrop,1486.140966
packdrop,969.274044
packdrop,1221.376896
packdrop,579.553843
packdrop,1549.777985
packdrop,283.185959
packdrop,1729.655981
packdrop,252.112150
packdrop,1730.026007
packdrop,319.283962
packdrop,1550.651073
packdrop,645.879030
packdrop,1236.690998
packdrop,491.330147
packdrop,1667.611122
packdrop,434.751987
packdrop,1363.759995
packdrop,397.661924
packdrop,1042.538166
packdrop,576.615095
packdrop,1834.931850
packdrop,468.692064
packdrop,1093.494892
packdrop,785.744905
packdrop,1794.180155
packdrop,179.451942
packdrop,1367.974997
packdrop,657.000065
packdrop,1475.342989
packdrop,469.044924
packdrop,1621.566057
packdrop,542.282820
packdrop,1732.709885
packdrop,315.978050
packdrop,1331.676960
packdrop,360.443115
packdrop,1191.834927
packdrop,858.589888
packdrop,1513.384104
packdrop,212.399006
packdrop,1299.502134
packdrop,688.832998
packdrop,1395.678997
packdrop,615.736961
packdrop,1365.601778
packdrop,432.269812
packdrop,1509.999037
packdrop,329.094172
packdrop,1257.447958
packdrop,801.090002
packdrop,3006.827116
packdrop,1300.884008
packdrop,2197.072983
packdrop,1150.962114
packdrop,1730.016947
packdrop,1653.515100
packdrop,1584.686041
packdrop,1588.342190
packdrop,1614.858150
packdrop,1441.661119
packdrop,1832.930088
packdrop,972.895145
packdrop,1645.174026
packdrop,657.295942
packdrop,1481.812000
packdrop,798.306942
packdrop,1657.371044
packdrop,1008.388996
packdrop,1690.469980
packdrop,1550.381899
packdrop,1618.655920
packdrop,621.365070
packdrop,1257.581949
packdrop,929.038048
packdrop,1319.386959
packdrop,910.744190
packdrop,1452.414036
packdrop,709.195137
packdrop,1666.145086
packdrop,863.587141
packdrop,1584.204912
packdrop,910.898924
packdrop,1190.555096
packdrop,766.258955
packdrop,965.593815
packdrop,929.302931
packdrop,970.504999
packdrop,640.790939
packdrop,1229.617119
packdrop,1286.772013
packdrop,1924.081087
packdrop,391.266108
packdrop,1549.849033
packdrop,215.635061
packdrop,1582.371950
packdrop,255.109072
packdrop,1761.744976
packdrop,574.947834
packdrop,1487.715006
packdrop,358.940125
packdrop,1873.048067
packdrop,433.272123
packdrop,1440.390110
packdrop,428.817987
packdrop,1406.508923
packdrop,680.875063
packdrop,1231.247902
packdrop,894.237995
packdrop,1152.189016
packdrop,634.739161
packdrop,1836.891174
packdrop,323.326826
packdrop,1633.320093
packdrop,395.918131
packdrop,1508.590937
packdrop,397.661924
packdrop,1547.394991
packdrop,646.573067
packdrop,1451.658010
packdrop,250.928164
packdrop,1583.987951
packdrop,724.355936
packdrop,1760.555029
packdrop,290.322065
packdrop,1761.869907
packdrop,289.658070
packdrop,1546.246052
packdrop,321.241140
packdrop,1551.576138
packdrop,431.391001
packdrop,1908.107042
packdrop,222.245932
packdrop,1898.264885
packdrop,323.838949
packdrop,1560.019016
packdrop,255.767107
packdrop,1473.376036
packdrop,472.276926
packdrop,933.655024
packdrop,643.646955
packdrop,1835.868120
packdrop,647.994041
packdrop,1801.271915
packdrop,217.632055
packdrop,1729.435921
packdrop,250.005007
packdrop,1799.514055
packdrop,288.929939
packdrop,1690.634012
packdrop,217.096090
packdrop,2591.902971
packdrop,1365.206957
packdrop,2087.961912
packdrop,1404.007912
packdrop,1943.828821
packdrop,1631.497860
packdrop,1561.856031
packdrop,1585.078001
packdrop,1583.257914
packdrop,1440.080881
packdrop,1953.351021
packdrop,702.970982
packdrop,1407.774925
packdrop,907.642126
packdrop,1633.085012
packdrop,641.305923
packdrop,1586.937904
packdrop,991.413116
packdrop,1346.345901
packdrop,1341.354847
packdrop,1871.180058
packdrop,542.343140
packdrop,1482.536077
packdrop,932.502985
packdrop,1116.400957
packdrop,431.161880
packdrop,1524.190903
packdrop,680.299044
packdrop,1506.600857
packdrop,646.164179
packdrop,1998.533010
packdrop,759.520054
packdrop,1363.507032
packdrop,611.556053
packdrop,1369.749069
packdrop,648.965836
packdrop,1445.473909
packdrop,711.692095
packdrop,1271.741152
packdrop,851.599932
packdrop,1223.089933
packdrop,937.758923
packdrop,1411.299944
packdrop,278.864861
packdrop,1265.954018
packdrop,715.029955
packdrop,1252.907038
packdrop,771.198034
packdrop,1227.355003
packdrop,358.679056
packdrop,2015.659094
packdrop,537.508965
packdrop,1551.548004
packdrop,788.331032
packdrop,1185.341835
packdrop,543.834925
packdrop,1443.228960
packdrop,427.174807
packdrop,1394.712925
packdrop,472.748041
packdrop,1950.043917
packdrop,301.136971
packdrop,1283.639908
packdrop,503.636122
packdrop,1150.296211
packdrop,1291.049957
packdrop,1058.603048
packdrop,959.983110
packdrop,1154.324055
packdrop,433.466911
packdrop,1597.290039
packdrop,715.096951
packdrop,1478.910923
packdrop,212.890863
packdrop,1475.430012
packdrop,582.905054
packdrop,1288.124084
packdrop,794.812918
packdrop,1305.433035
packdrop,780.695915
packdrop,1634.227991
packdrop,563.190937
packdrop,1485.669851
packdrop,581.263065
packdrop,846.693039
packdrop,946.674109
packdrop,976.763964
packdrop,679.350853
packdrop,1047.894001
packdrop,682.259083
packdrop,2444.861889
packdrop,185.626030
packdrop,1798.979998
packdrop,322.108984
packdrop,1512.562990
packdrop,178.024054
packdrop,1151.883841
packdrop,1081.232071
packdrop,1294.188023
packdrop,827.464819
packdrop,3071.825027
packdrop,1359.698057
packdrop,2213.645220
packdrop,1111.808062
packdrop,1656.342983
packdrop,1680.202007
packdrop,1617.026091
packdrop,1584.299803
packdrop,1583.950043
packdrop,1418.183088
packdrop,1988.514185
packdrop,744.503975
packdrop,1372.455120
packdrop,844.070911
packdrop,1635.113001
packdrop,613.998890
packdrop,1654.649973
packdrop,828.032017
packdrop,1692.986965
packdrop,1337.450027
packdrop,1568.896055
packdrop,714.451075
packdrop,1449.185133
packdrop,446.676016
packdrop,1442.145824
packdrop,677.243948
packdrop,1815.432072
packdrop,420.914173
packdrop,1694.747925
packdrop,499.001980
packdrop,1805.047989
packdrop,357.576847
packdrop,1775.300980
packdrop,685.247898
packdrop,1510.423899
packdrop,867.377043
packdrop,1295.037985
packdrop,715.557098
packdrop,1261.143923
packdrop,649.933100
packdrop,2049.582005
packdrop,148.750067
packdrop,1257.640123
packdrop,1043.994188
packdrop,967.474937
packdrop,542.491913
packdrop,1801.303148
packdrop,366.813183
packdrop,1587.836981
packdrop,249.255896
packdrop,2195.249081
packdrop,217.749119
packdrop,1227.367878
packdrop,858.677149
packdrop,1299.856901
packdrop,645.121098
packdrop,1654.839039
packdrop,731.852055
packdrop,1142.036915
packdrop,574.414015
packdrop,1582.962036
packdrop,634.521008
packdrop,1420.069933
packdrop,392.457962
packdrop,900.279045
packdrop,935.606956
packdrop,1189.339161
packdrop,613.609076
packdrop,1043.860912
packdrop,1076.608896
packdrop,1619.581938
packdrop,833.093166
packdrop,1591.825962
packdrop,148.994923
packdrop,1076.664925
packdrop,679.322004
packdrop,1444.973946
packdrop,357.959032
packdrop,1619.122982
packdrop,573.781013
packdrop,1801.969051
packdrop,683.782101
packdrop,1657.653809
packdrop,215.578079
packdrop,1229.007959
packdrop,643.915892
packdrop,1367.568016
packdrop,645.763874
packdrop,1476.779938
packdrop,185.136080
packdrop,1735.292912
packdrop,719.511986
packdrop,1728.077888
packdrop,322.675943
packdrop,1437.631845
packdrop,651.420116
packdrop,1366.456032
packdrop,287.878036
packdrop,1692.690849
packdrop,426.945210
packdrop,2990.597010
packdrop,1296.021938
packdrop,2136.349916
packdrop,1368.345022
packdrop,1714.550972
packdrop,1631.428003
packdrop,1606.958151
packdrop,1595.296144
packdrop,1620.562077
packdrop,1367.196798
packdrop,1658.533096
packdrop,609.828949
packdrop,1656.931877
packdrop,791.057110
packdrop,1765.726089
packdrop,927.736044
packdrop,1649.721146
packdrop,912.825108
packdrop,1678.248882
packdrop,1334.285975
packdrop,1258.937120
packdrop,1017.753124
packdrop,1754.997969
packdrop,512.671947
packdrop,1539.087057
packdrop,599.113941
packdrop,1857.224941
packdrop,543.844938
packdrop,1795.554161
packdrop,623.780012
packdrop,1349.466085
packdrop,562.191010
packdrop,1748.073816
packdrop,522.196770
packdrop,1469.648838
packdrop,688.914061
packdrop,1712.160110
packdrop,407.746077
packdrop,1353.126049
packdrop,937.191963
packdrop,1619.158983
packdrop,579.205990
packdrop,1400.728941
packdrop,704.294920
packdrop,1242.002964
packdrop,591.009140
packdrop,1373.145819
packdrop,675.328016
packdrop,1296.560049
packdrop,485.984087
packdrop,1815.272093
packdrop,671.078920
packdrop,1774.806023
packdrop,222.110987
packdrop,1649.363995
packdrop,467.841864
packdrop,1512.533188
packdrop,361.027956
packdrop,1115.704060
packdrop,733.717918
packdrop,1715.780973
packdrop,721.001863
packdrop,1690.729856
packdrop,228.930950
packdrop,1653.064013
packdrop,325.500011
packdrop,1533.957005
packdrop,610.547781
packdrop,1259.876013
packdrop,331.732988
packdrop,1831.772089
packdrop,610.419989
packdrop,1546.277046
packdrop,433.894157
packdrop,1485.209942
packdrop,360.904932
packdrop,1331.024885
packdrop,682.157040
packdrop,1408.314943
packdrop,619.997978
packdrop,1573.302031
packdrop,729.562044
packdrop,1647.119045
packdrop,288.512945
packdrop,1473.552942
packdrop,504.728794
packdrop,1618.283987
packdrop,505.365133
packdrop,1587.177038
packdrop,138.106108
packdrop,2068.424940
packdrop,251.966000
packdrop,1861.010075
packdrop,367.608786
packdrop,1551.091194
packdrop,248.106003
packdrop,1623.442888
packdrop,355.387926
packdrop,1515.792131
packdrop,357.440948
packdrop,2349.550962
packdrop,1271.147013
packdrop,2982.240915
packdrop,1404.524088
packdrop,1709.068060
packdrop,1582.232952
packdrop,1616.420984
packdrop,1551.306963
packdrop,1582.808018
packdrop,1331.171036
packdrop,1357.431173
packdrop,1223.433971
packdrop,986.166000
packdrop,1365.909815
packdrop,1798.707008
packdrop,609.510899
packdrop,1517.016888
packdrop,1077.562809
packdrop,1637.063026
packdrop,1504.873037
packdrop,1345.220089
packdrop,1058.733940
packdrop,1364.084005
packdrop,893.203020
packdrop,1403.126955
packdrop,971.858978
packdrop,1410.384178
packdrop,870.007992
packdrop,1828.613043
packdrop,542.581081
packdrop,1402.127981
packdrop,865.213871
packdrop,1332.714081
packdrop,751.895905
packdrop,1703.364849
packdrop,497.917891
packdrop,1440.733910
packdrop,794.809103
packdrop,1302.078009
packdrop,1069.769859
packdrop,1844.490051
packdrop,251.921892
packdrop,1368.212938
packdrop,611.343861
packdrop,1330.848217
packdrop,540.644884
packdrop,1509.200096
packdrop,577.008963
packdrop,1415.228844
packdrop,396.601200
packdrop,2218.672991
packdrop,398.010015
packdrop,1297.632933
packdrop,645.056009
packdrop,1409.085989
packdrop,617.048979
packdrop,1251.262188
packdrop,707.163095
packdrop,1450.026989
packdrop,735.434055
packdrop,2073.869944
packdrop,357.400894
packdrop,1515.974998
packdrop,429.345846
packdrop,1526.272058
packdrop,650.955200
packdrop,1149.264097
packdrop,608.202934
packdrop,1190.748930
packdrop,320.849180
packdrop,1942.167044
packdrop,507.502079
packdrop,1584.414005
packdrop,719.408035
packdrop,1149.188995
packdrop,611.174822
packdrop,1225.419044
packdrop,431.087017
packdrop,1406.838894
packdrop,663.995028
packdrop,1601.701021
packdrop,898.633957
packdrop,1308.025122
packdrop,206.424952
packdrop,1736.932039
packdrop,569.101095
packdrop,1266.174078
packdrop,578.644991
packdrop,1256.529808
packdrop,434.354067
packdrop,1725.007057
packdrop,686.080217
packdrop,1726.472139
packdrop,292.392969
packdrop,1294.135809
packdrop,764.095068
packdrop,1180.545807
packdrop,643.342972
packdrop,1380.974054
packdrop,399.883986
packdrop,2771.852970
packdrop,1331.957102
packdrop,1909.993887
packdrop,1509.984016
packdrop,1892.026901
packdrop,1690.993071
packdrop,1612.133980
packdrop,1583.549023
packdrop,1584.045887
packdrop,1406.268835
packdrop,1941.745996
packdrop,829.487085
packdrop,1475.670099
packdrop,598.103046
packdrop,1552.634001
packdrop,1004.637003
packdrop,1635.666132
packdrop,788.940907
packdrop,1690.458059
packdrop,1440.853119
packdrop,1620.912075
packdrop,832.629919
packdrop,1649.616957
packdrop,437.172890
packdrop,1189.442873
packdrop,753.768921
packdrop,1540.781975
packdrop,730.896950
packdrop,1513.790846
packdrop,632.216215
packdrop,2103.630066
packdrop,451.363087
packdrop,1590.101004
packdrop,553.076029
packdrop,1714.044094
packdrop,621.197939
packdrop,1610.152006
packdrop,491.294861
packdrop,1459.910870
packdrop,826.494932
packdrop,1374.960899
packdrop,860.543013
packdrop,1688.772202
packdrop,471.536160
packdrop,1365.792990
packdrop,974.812031
packdrop,1185.720921
packdrop,480.592012
packdrop,1106.002092
packdrop,536.645889
packdrop,2020.153046
packdrop,428.629875
packdrop,1078.948021
packdrop,649.039030
packdrop,1621.267796
packdrop,501.290083
packdrop,1551.288128
packdrop,402.286053
packdrop,1509.822130
packdrop,580.911875
packdrop,2014.944077
packdrop,220.233917
packdrop,1435.328960
packdrop,431.895971
packdrop,1482.112885
packdrop,667.438030
packdrop,1450.592041
packdrop,397.713900
packdrop,1469.268084
packdrop,365.312099
packdrop,2269.266129
packdrop,289.489985
packdrop,1617.768049
packdrop,180.391073
packdrop,1436.197042
packdrop,647.749901
packdrop,1307.501078
packdrop,852.023125
packdrop,1131.701946
packdrop,785.666943
packdrop,1372.048855
packdrop,968.211174
packdrop,1190.671921
packdrop,607.361078
packdrop,1515.439034
packdrop,863.982916
packdrop,1298.604012
packdrop,730.171919
packdrop,1104.175091
packdrop,397.507906
packdrop,1762.972832
packdrop,581.602812
packdrop,1039.543152
packdrop,967.957020
packdrop,1727.699041
packdrop,399.130821
packdrop,1408.979893
packdrop,729.656935
packdrop,1183.131933
packdrop,434.405088
packdrop,2444.320917
packdrop,1363.352060
packdrop,1957.882166
packdrop,1762.813091
packdrop,1811.903954
packdrop,1666.489840
packdrop,1550.044060
packdrop,1619.676828
packdrop,1550.705194
packdrop,1472.079039
packdrop,1403.201818
packdrop,886.641979
packdrop,1357.240915
packdrop,938.381195
packdrop,1619.102001
packdrop,970.758915
packdrop,1487.414122
packdrop,790.909767
packdrop,1775.950909
packdrop,1323.047876
packdrop,1766.963005
packdrop,595.515013
packdrop,1532.963037
packdrop,482.606173
packdrop,1387.439013
packdrop,879.735947
packdrop,1437.253952
packdrop,840.855837
packdrop,1512.228966
packdrop,779.582977
packdrop,2029.119015
packdrop,611.469984
packdrop,1465.903044
packdrop,471.353054
packdrop,1343.979120
packdrop,741.879940
packdrop,1197.150946
packdrop,745.636940
packdrop,1301.493883
packdrop,961.040020
packdrop,1489.035130
packdrop,507.792950
packdrop,1293.479919
packdrop,1034.226894
packdrop,1114.532948
packdrop,613.641977
packdrop,1260.573149
packdrop,682.877064
packdrop,1534.531832
packdrop,227.737904
packdrop,1748.691082
packdrop,738.823891
packdrop,1280.667067
packdrop,647.115946
packdrop,1441.126108
packdrop,598.540068
packdrop,1449.256897
packdrop,485.306025
packdrop,1304.711103
packdrop,791.457891
packdrop,1453.706026
packdrop,790.278912
packdrop,1062.294006
packdrop,784.980059
packdrop,1513.159037
packdrop,588.174820
packdrop,1459.244967
packdrop,539.505005
packdrop,1513.725996
packdrop,287.491083
packdrop,1838.582039
packdrop,465.384007
packdrop,1478.462934
packdrop,611.551046
packdrop,1249.102116
packdrop,544.902802
packdrop,1661.396980
packdrop,431.709051
packdrop,1504.980087
packdrop,293.849945
packdrop,1585.624933
packdrop,646.859884
packdrop,1543.860912
packdrop,612.190008
packdrop,1262.855053
packdrop,661.398888
packdrop,1507.833958
packdrop,491.097927
packdrop,1275.079966
packdrop,395.632029
packdrop,1148.516893
packdrop,1048.381090
packdrop,1475.273848
packdrop,218.353033
packdrop,1542.864084
packdrop,506.123066
packdrop,1619.529009
packdrop,396.471024
packdrop,1514.187098
packdrop,389.471054
refine,2783.308983
refine,1429.775953
refine,2158.514023
refine,1118.982077
refine,1894.598007
refine,1594.419003
refine,1549.347878
refine,1584.927082
refine,1583.564043
refine,1439.731121
refine,3850.914001
refine,440.814972
refine,1431.091070
refine,755.846024
refine,1835.753202
refine,752.439022
refine,2052.913904
refine,613.750935
refine,1527.509928
refine,847.768068
refine,3190.296173
refine,505.990982
refine,1406.904936
refine,559.325933
refine,1224.417925
refine,648.273945
refine,1235.484123
refine,502.096891
refine,1476.544857
refine,144.952059
refine,2330.103159
refine,800.950050
refine,1405.880213
refine,503.678799
refine,1437.037945
refine,323.899031
refine,1152.966976
refine,610.619068
refine,1370.167017
refine,288.913012
refine,2772.626162
refine,621.819973
refine,1282.607079
refine,295.864820
refine,1588.411093
refine,505.856991
refine,1259.444952
refine,612.726927
refine,1256.049871
refine,505.482912
refine,2628.296852
refine,469.192982
refine,1400.223017
refine,692.480087
refine,1215.090990
refine,470.427036
refine,1298.119068
refine,579.005003
refine,1290.293932
refine,301.825047
refine,2442.835093
refine,975.886106
refine,1441.189051
refine,505.548000
refine,1218.590021
refine,538.710117
refine,1405.529976
refine,472.936153
refine,1396.163940
refine,180.727005
refine,2376.116991
refine,647.953033
refine,1334.704161
refine,499.670029
refine,1261.819124
refine,719.541073
refine,1161.596060
refine,748.867989
refine,1400.754929
refine,183.614969
refine,2569.391966
refine,965.810061
refine,1511.547089
refine,292.382002
refine,1398.953199
refine,475.267172
refine,1469.477177
refine,286.902905
refine,1439.351082
refine,288.885117
refine,2318.925142
refine,743.247986
refine,1296.458006
refine,575.663805
refine,1306.735039
refine,649.989128
refine,1008.346796
refine,861.104012
refine,1476.646900
refine,287.398100
refine,3138.464928
refine,1199.318171
refine,2013.480902
refine,1153.696060
refine,1958.658934
refine,1620.713949
refine,1582.185030
refine,1604.854107
refine,1583.440065
refine,1420.212030
refine,3582.801104
refine,486.080885
refine,1595.462799
refine,815.140009
refine,1774.682045
refine,853.018999
refine,1761.825800
refine,710.828066
refine,1692.322016
refine,682.508945
refine,3274.060011
refine,395.989180
refine,1342.175961
refine,648.834944
refine,1475.736141
refine,393.916845
refine,1294.205904
refine,508.108854
refine,1365.519047
refine,215.834856
refine,2631.386995
refine,481.148005
refine,1244.460106
refine,644.285917
refine,1287.405968
refine,722.626209
refine,1571.943998
refine,731.324911
refine,721.733093
refine,499.952078
refine,3158.359051
refine,301.636934
refine,1043.056965
refine,629.952908
refine,1442.421913
refine,604.737997
refine,1303.922176
refine,394.690037
refine,1761.102915
refine,74.007034
refine,2626.057863
refine,402.909040
refine,1075.165033
refine,469.677925
refine,1365.179062
refine,681.528091
refine,1381.692886
refine,622.387171
refine,1285.645008
refine,358.160019
refine,2414.214134
refine,929.285049
refine,1228.827000
refine,695.873022
refine,1430.049896
refine,535.413027
refine,1298.947096
refine,434.652805
refine,1361.930847
refine,219.038963
refine,2119.835138
refine,1008.769035
refine,1261.034966
refine,614.533186
refine,1403.605938
refine,433.367968
refine,1403.383970
refine,365.953922
refine,1323.530912
refine,505.249977
refine,2854.012012
refine,573.827982
refine,1191.413164
refine,647.153854
refine,1366.281033
refine,408.192873
refine,1177.692890
refine,540.647030
refine,1148.601055
refine,542.882919
refine,2947.795153
refine,291.493893
refine,1477.941036
refine,428.620100
refine,1202.769041
refine,684.848070
refine,1257.107973
refine,459.209204
refine,1337.321043
refine,531.306982
refine,3597.546101
refine,1070.861816
refine,2198.293924
refine,1159.790039
refine,1440.502167
refine,1619.473934
refine,1616.432905
refine,1589.843988
refine,1611.927986
refine,1420.921087
refine,3779.053211
refine,500.278950
refine,1550.093889
refine,816.387892
refine,1719.111204
refine,1099.545956
refine,1548.053026
refine,1042.890072
refine,1691.201925
refine,611.927986
refine,3333.025217
refine,426.779985
refine,1442.883015
refine,358.959913
refine,1622.340918
refine,255.627155
refine,1178.508043
refine,503.926039
refine,1295.797825
refine,431.567907
refine,2065.229893
refine,824.264050
refine,1583.395958
refine,654.182911
refine,1046.067953
refine,967.784882
refine,1042.617798
refine,971.055031
refine,902.185917
refine,653.042078
refine,2996.015787
refine,498.901844
refine,1258.579969
refine,509.318113
refine,1186.523914
refine,433.716059
refine,1548.668861
refine,753.369093
refine,1222.791910
refine,145.529032
refine,2552.462101
refine,510.729074
refine,1789.998055
refine,303.414822
refine,1227.093935
refine,360.737801
refine,1399.922132
refine,361.416817
refine,1583.542824
refine,435.720921
refine,2811.465025
refine,553.946018
refine,1134.565115
refine,720.841885
refine,1310.686827
refine,524.090052
refine,1149.029016
refine,534.043074
refine,1672.900915
refine,181.057930
refine,2143.383980
refine,880.424976
refine,1435.595036
refine,433.333874
refine,1333.602905
refine,582.671165
refine,1288.167953
refine,472.327948
refine,1433.187008
refine,416.613817
refine,3001.844168
refine,934.165001
refine,1121.515989
refine,356.180906
refine,1510.207176
refine,506.279945
refine,1394.211054
refine,512.748957
refine,1224.292994
refine,356.458902
refine,2645.941973
refine,308.151007
refine,1130.328894
refine,470.614910
refine,1404.247999
refine,463.809013
refine,1269.191980
refine,639.034986
refine,1407.674789
refine,286.610126
refine,2623.394966
refine,1088.979006
refine,2351.831913
refine,1439.224958
refine,1943.984032
refine,1655.595064
refine,1583.807945
refine,1583.937883
refine,1619.487047
refine,1476.087093
refine,3743.739128
refine,398.562908
refine,1135.370016
refine,906.544924
refine,1335.588217
refine,998.307943
refine,1600.124836
refine,992.940903
refine,1860.368967
refine,848.565102
refine,2594.320059
refine,696.088076
refine,1487.609148
refine,657.546997
refine,1418.545008
refine,323.665857
refine,1258.735895
refine,683.668852
refine,1012.429953
refine,462.814093
refine,2198.029041
refine,757.216930
refine,1473.820925
refine,723.381996
refine,1722.745895
refine,224.015951
refine,1478.569984
refine,389.728069
refine,1405.056953
refine,216.171026
refine,2563.039064
refine,758.814812
refine,1353.224993
refine,405.684948
refine,1260.632992
refine,544.404030
refine,1653.307915
refine,434.141874
refine,1399.892092
refine,288.976908
refine,2543.820858
refine,486.616850
refine,1323.041201
refine,396.942854
refine,1307.331800
refine,579.476833
refine,1690.255165
refine,250.355959
refine,1367.622852
refine,310.379982
refine,2754.477978
refine,628.259897
refine,1130.850077
refine,579.917908
refine,1364.383936
refine,397.748947
refine,1472.951174
refine,366.494179
refine,1434.288025
refine,325.219154
refine,2229.923964
refine,609.871149
refine,922.915936
refine,1029.605865
refine,1367.691040
refine,530.253172
refine,1416.646004
refine,577.013016
refine,1403.501034
refine,252.249002
refine,2664.555073
refine,646.061897
refine,1516.657114
refine,589.941978
refine,1348.309994
refine,292.443991
refine,1511.774063
refine,252.259970
refine,1221.318960
refine,214.655876
refine,3004.168034
refine,543.932915
refine,1180.881977
refine,576.206207
refine,1333.592176
refine,503.133059
refine,1583.739996
refine,333.951950
refine,1214.272976
refine,428.364038
refine,2967.237234
refine,1451.539993
refine,1980.505943
refine,1293.943882
refine,1870.391130
refine,1584.601879
refine,1620.504141
refine,1617.526054
refine,1584.142923
refine,1440.015078
refine,3543.986082
refine,490.248919
refine,1538.920879
refine,729.614019
refine,1838.382006
refine,788.420916
refine,1726.332903
refine,868.366957
refine,1713.655949
refine,655.483007
refine,3192.940950
refine,435.714960
refine,1187.105894
refine,937.760115
refine,1152.426958
refine,569.470882
refine,1590.352058
refine,389.906168
refine,1347.906113
refine,240.354061
refine,2709.469080
refine,393.423080
refine,1447.757006
refine,534.239054
refine,1370.397091
refine,498.268843
refine,1047.653913
refine,762.830973
refine,1323.983908
refine,254.709005
refine,2549.419165
refine,940.474987
refine,1185.497046
refine,760.581970
refine,1220.182896
refine,573.331833
refine,1420.603037
refine,333.102942
refine,1283.499956
refine,358.860016
refine,2522.235155
refine,574.133158
refine,1439.267874
refine,718.671083
refine,1155.163050
refine,503.880024
refine,1256.959915
refine,661.404133
refine,1392.493963
refine,251.619816
refine,3034.085989
refine,512.377024
refine,1398.458958
refine,320.267200
refine,1727.135897
refine,326.860189
refine,1618.405104
refine,656.147003
refine,1179.053068
refine,324.629068
refine,2737.558842
refine,574.356079
refine,1302.424908
refine,686.862946
refine,1106.796026
refine,516.083002
refine,1188.445091
refine,723.618031
refine,1312.199116
refine,339.798927
refine,3021.221876
refine,579.030991
refine,1329.463959
refine,650.529861
refine,1477.084160
refine,392.026901
refine,1513.303041
refine,357.953072
refine,1298.758030
refine,211.976051
refine,2664.409161
refine,432.394981
refine,1334.593058
refine,619.827032
refine,1404.378891
refine,543.120861
refine,1328.814030
refine,505.748987
refine,1332.092047
refine,321.847916
refine,3023.204088
refine,1370.162010
refine,2234.503984
refine,1186.842918
refine,1646.912098
refine,1591.373920
refine,1612.963200
refine,1587.975025
refine,1583.758116
refine,1420.464993
refine,3298.141003
refine,1056.967020
refine,1539.000034
refine,626.055956
refine,1661.974192
refine,843.973875
refine,1612.101078
refine,955.957890
refine,1546.116114
refine,865.107059
refine,2752.264977
refine,724.063158
refine,1396.745920
refine,430.517912
refine,1332.747221
refine,586.983919
refine,1319.481134
refine,606.189966
refine,1097.398043
refine,391.690969
refine,2517.341137
refine,912.687063
refine,1184.989929
refine,468.223810
refine,1074.628115
refine,726.703167
refine,1261.894941
refine,753.865004
refine,1396.350145
refine,756.314993
refine,2961.153984
refine,177.163124
refine,1506.237030
refine,395.582914
refine,1416.260004
refine,688.011885
refine,1177.175999
refine,595.746994
refine,1123.353958
refine,455.168009
refine,3019.518137
refine,579.648972
refine,1187.103987
refine,393.347979
refine,1618.767977
refine,366.418123
refine,1183.418989
refine,502.912045
refine,1229.941845
refine,671.651840
refine,2671.669960
refine,721.121073
refine,1466.642141
refine,657.202005
refine,1000.418901
refine,976.964951
refine,881.767035
refine,424.843073
refine,1403.823137
refine,363.032103
refine,2157.047987
refine,802.118063
refine,1397.351027
refine,788.670063
refine,1337.116957
refine,876.473904
refine,882.382154
refine,576.537848
refine,1477.734089
refine,250.825882
refine,2699.770212
refine,755.765915
refine,1414.442062
refine,431.594133
refine,1398.475170
refine,471.036911
refine,1187.424898
refine,467.450857
refine,1367.744923
refine,220.088005
refine,2520.617962
refine,640.933037
refine,1262.085915
refine,540.075064
refine,1692.095041
refine,247.051954
refine,1584.686995
refine,869.666100
refine,971.537113
refine,785.452843
refine,2552.066088
refine,1323.530912
refine,2810.243845
refine,1302.744150
refine,1322.548866
refine,1607.888937
refine,1569.533110
refine,1599.351883
refine,1583.502054
refine,1442.248106
refine,3378.721952
refine,725.814819
refine,1617.341042
refine,933.880091
refine,1727.247000
refine,935.614824
refine,1871.417999
refine,659.498930
refine,1547.532082
refine,792.660952
refine,3052.680969
refine,645.140171
refine,986.492872
refine,584.259987
refine,1548.668146
refine,505.258083
refine,1150.561810
refine,539.581060
refine,1476.898909
refine,359.628916
refine,2557.583094
refine,679.558992
refine,1444.871902
refine,534.937859
refine,1159.246922
refine,514.550924
refine,1290.776968
refine,583.538055
refine,928.602934
refine,703.942060
refine,2534.270048
refine,935.760975
refine,977.303028
refine,521.741867
refine,1420.235872
refine,681.085110
refine,1452.322960
refine,650.525093
refine,1113.017082
refine,541.584015
refine,2354.304075
refine,746.163845
refine,1288.520098
refine,646.824837
refine,1119.572878
refine,686.596870
refine,1330.338001
refine,610.984087
refine,1138.221025
refine,577.361107
refine,2578.140020
refine,709.186792
refine,1402.089834
refine,611.383915
refine,1512.434006
refine,650.218964
refine,1042.688131
refine,650.376081
refine,1433.952093
refine,252.838135
refine,2195.050001
refine,688.416004
refine,1219.250202
refine,901.636124
refine,1270.385027
refine,675.831079
refine,1367.869854
refine,323.785067
refine,1631.131172
refine,285.030127
refine,2627.158880
refine,761.361122
refine,1365.500927
refine,756.587982
refine,1004.931211
refine,650.435925
refine,1256.289959
refine,616.120100
refine,1512.459993
refine,354.965925
refine,2090.955973
refine,935.653210
refine,1188.359022
refine,801.934004
refine,1547.896147
refine,435.558081
refine,1403.008938
refine,427.093983
refine,1405.356884
refine,290.827990
refine,2989.747047
refine,1229.115009
refine,2085.170031
refine,1045.946121
refine,2049.463987
refine,1656.286955
refine,1656.083822
refine,1620.051146
refine,1619.788170
refine,1442.517042
refine,3883.762836
refine,315.522909
refine,1295.814037
refine,490.152121
refine,1264.362812
refine,680.502892
refine,1513.218880
refine,789.686918
refine,1883.704901
refine,600.744009
refine,2589.694977
refine,759.871006
refine,1543.797970
refine,503.675938
refine,1259.540081
refine,546.846867
refine,1218.443871
refine,394.162178
refine,1642.993927
refine,287.896156
refine,2339.802027
refine,675.245047
refine,1350.384951
refine,399.624825
refine,1190.145969
refine,467.211962
refine,1365.074873
refine,503.120184
refine,1158.284903
refine,810.691833
refine,2643.082857
refine,814.834833
refine,911.468029
refine,792.521000
refine,1475.291967
refine,818.973064
refine,1195.703983
refine,436.568022
refine,1468.718052
refine,252.099991
refine,2738.086939
refine,539.782047
refine,1378.497124
refine,324.414968
refine,1365.571022
refine,396.425009
refine,1188.940048
refine,540.040970
refine,1366.595984
refine,397.801876
refine,2522.279978
refine,901.349068
refine,1507.306099
refine,551.468849
refine,1540.433168
refine,298.255920
refine,1228.606939
refine,459.786892
refine,1551.558971
refine,248.268127
refine,2593.928814
refine,502.820969
refine,1512.573957
refine,288.676977
refine,1473.333120
refine,289.777040
refine,1329.585075
refine,505.449057
refine,1511.065006
refine,289.850950
refine,2516.549110
refine,1011.006117
refine,1404.020071
refine,427.416801
refine,1496.963978
refine,388.397932
refine,1547.981024
refine,287.003040
refine,1407.733202
refine,247.603893
refine,2304.035902
refine,614.472151
refine,1690.976143
refine,573.761940
refine,1403.805017
refine,446.994066
refine,1387.885809
refine,421.669006
refine,1377.619028
refine,183.412075
